,Unnamed: 0,空调光期温度设定,空调暗期温度设定,空调温度上限设定,空调温度下限设定,新风机手动开度,新风机手自动模式,空调自动模式,户外温度,户外湿度,1号室内温度,1号室内湿度,1号室内CO2浓度,2号室内温度,2号室内湿度,2号室内CO2浓度,1号PPFD,1号色温,1号PAR,1号红比,1号绿比,1号蓝比,2号PPFD,2号色温,2号PAR,2号红比,2号绿比,2号蓝比,3号PPFD,3号色温,3号PAR,3号红比,3号绿比,3号蓝比,1号风速,2号风速,营养液EC,营养液PH,营养液液温,空调手动开关机,空调开机指令下发,空调手动模式选择,空调风速选择,空调手动温度设定,空调手动操作指令下发,空调手自动切换,电磁阀手自动选择,电磁阀手动开阀,电磁阀手动关阀,time,平均温度,平均湿度,灯具负荷,自然负荷,新风负荷,总热渗入量
8531,8531,23.299999237060547,19.0,19.5,18.5,0.0,False,True,22.36400604248047,100.0,24.200000762939453,77.19999694824219,1707.0,23.600000381469727,78.69999694824219,1517.0,156.36013793945312,6366.0517578125,35.28506851196289,13.727080345153809,82.3420181274414,3.930899381637573,154.6688690185547,6044.349609375,34.81396484375,13.933663368225098,82.09917449951172,3.967197895050049,148.32977294921875,5780.212890625,33.40793228149414,14.458271980285645,81.49252319335938,4.049224853515625,0.0,0.0,1.2300000190734863,6.420000076293945,22.200000762939453,True,False,3,2,24.0,False,False,False,False,False,2023-04-14 17:07:12.153315,23.90000057220459,77.94999694824219,0.7708,-1.0952370594334604,-1.0952370594334604,-1.4196741188669209
8532,8532,23.299999237060547,19.0,19.5,18.5,0.0,False,True,22.36400604248047,100.0,24.100000381469727,79.80000305175781,1769.0,23.5,81.5,1607.0,157.68959045410156,6366.0517578125,35.57893753051758,13.74327564239502,82.3338851928711,3.922893762588501,154.93043518066406,6049.26708984375,34.83951187133789,13.928766250610352,82.10643005371094,3.964831113815308,148.03152465820312,5778.15478515625,33.29634094238281,14.390212059020996,81.56522369384766,4.044567108154297,0.0,0.0,1.25,6.420000076293945,22.200000762939453,True,False,3,2,24.0,True,False,False,False,False,2023-04-14 17:08:13.245348,23.800000190734863,80.6500015258789,0.7708,-1.0239320374274254,-1.0239320374274254,-1.277064074854851
8533,8533,23.299999237060547,19.0,19.5,18.5,0.0,False,True,22.36400604248047,100.0,24.100000381469727,81.30000305175781,1819.0,23.5,83.19999694824219,1677.0,157.1667022705078,6363.01025390625,35.43204116821289,13.698559761047363,82.37911987304688,3.9222817420959473,154.90699768066406,6048.62841796875,34.77869415283203,13.95687198638916,82.07222747802734,3.9709296226501465,147.1881866455078,5781.14111328125,33.100460052490234,14.398984909057615,81.56146240234375,4.0395827293396,0.0,0.0,1.2599999904632568,6.420000076293945,22.200000762939453,True,False,3,2,24.0,False,False,False,False,True,2023-04-14 17:09:14.259918,23.800000190734863,82.25,0.7708,-1.0239320374274254,-1.0239320374274254,-1.277064074854851
8534,8534,23.299999237060547,19.0,19.5,18.5,0.0,False,True,22.36400604248047,100.0,24.200000762939453,82.19999694824219,1859.0,23.600000381469727,84.30000305175781,1734.0,155.6410369873047,6363.01025390625,35.051639556884766,13.7101469039917,82.3707275390625,3.919164896011353,154.7927703857422,6050.50048828125,34.793006896972656,13.942138671875,82.09222412109375,3.965649127960205,148.68411254882812,5781.16162109375,33.47301483154297,14.48584270477295,81.46416473388672,4.050050735473633,0.0,0.0,1.25,6.420000076293945,22.200000762939453,True,False,3,2,24.0,True,False,False,False,True,2023-04-14 17:10:15.288859,23.90000057220459,83.25,0.7708,-1.0952370594334604,-1.0952370594334604,-1.4196741188669209
8535,8535,23.299999237060547,19.0,19.5,18.5,0.0,False,True,22.265625,100.0,24.200000762939453,82.9000015258789,1886.0,23.600000381469727,85.0,1774.0,157.6238555908203,6365.1025390625,35.588470458984375,13.685361862182615,82.3921127319336,3.9225528240203857,154.34532165527344,6050.4638671875,34.691123962402344,13.961751937866213,82.07363891601562,3.9646553993225098,146.95266723632812,5782.62060546875,33.016239166259766,14.398964881896973,81.55964660644531,4.041406154632568,0.0,0.0,1.2300000190734863,6.420000076293945,22.200000762939453,True,False,3,2,24.0,False,False,False,False,True,2023-04-14 17:11:16.161257,23.90000057220459,83.95000076293945,0.7708,-1.1653874158215523,-1.1653874158215523,-1.5599748316431046
8536,8536,23.299999237060547,19.0,19.5,18.5,0.0,False,True,22.265625,100.0,24.299999237060547,83.4000015258789,1910.0,23.700000762939453,85.5,1814.0,157.9429473876953,6365.07763671875,35.6840934753418,13.706323623657228,82.36705780029297,3.9265987873077393,154.6605682373047,6050.31787109375,34.673240661621094,13.91878604888916,82.1203842163086,3.9608662128448486,148.63526916503906,5776.83349609375,33.52590560913086,14.456353187561035,81.49147033691406,4.052210807800293,0.0,0.0,1.2599999904632568,6.420000076293945,22.200000762939453,True,False,3,2,24.0,True,False,False,False,True,2023-04-14 17:12:17.158281,24.0,84.45000076293945,0.7708,-1.2366917578125,-1.2366917578125,-1.7025835156250002
8537,8537,23.299999237060547,19.0,19.5,18.5,0.0,False,True,22.16724395751953,100.0,24.39999961853028,83.9000015258789,1930.0,23.799999237060547,86.0,1843.0,157.51104736328125,6365.07763671875,35.5510139465332,13.700469970703123,82.37505340576172,3.924492120742798,155.06361389160156,6043.1708984375,34.83607482910156,13.947357177734377,82.0828857421875,3.969791412353516,148.3041534423828,5779.77880859375,33.41011047363281,14.443679809570312,81.51006317138672,4.046328544616699,0.0,0.0,1.2400000095367432,6.420000076293945,22.200000762939453,True,False,3,2,24.0,False,False,False,False,True,2023-04-14 17:13:18.137341,24.099999427795414,84.95000076293945,0.7708,-1.3781464561915424,-1.3781464561915424,-1.985492912383085
8538,8538,23.299999237060547,19.0,19.5,18.5,0.0,False,True,22.265625,100.0,24.39999961853028,84.19999694824219,1943.0,23.799999237060547,86.30000305175781,1858.0,157.9204864501953,6370.6279296875,35.63048553466797,13.680474281311035,82.40376281738281,3.915766477584839,154.13442993164062,6048.1796875,34.60269927978516,13.93599796295166,82.0967788696289,3.9672369956970215,146.55482482910156,5781.71142578125,32.90229797363281,14.432283401489258,81.51670837402344,4.0510334968566895,0.0,0.0,1.2300000190734863,6.420000076293945,22.200000762939453,True,False,3,2,24.0,True,False,False,False,True,2023-04-14 17:14:19.275885,24.099999427795414,85.25,0.7708,-1.30799609980345,-1.30799609980345,-1.8451921996069003
8539,8539,23.299999237060547,19.0,19.5,18.5,0.0,False,True,22.265625,100.0,24.39999961853028,84.5999984741211,1955.0,23.89999961853028,86.5999984741211,1883.0,155.79354858398438,6370.6279296875,35.133941650390625,13.647266387939451,82.43698120117188,3.915785789489746,154.56491088867188,6047.99755859375,34.7536735534668,13.920695304870604,82.1119155883789,3.967419862747192,148.3789520263672,5782.318359375,33.38773727416992,14.43655014038086,81.51522827148438,4.048194885253906,0.0,0.0,1.2200000286102295,6.420000076293945,22.200000762939453,True,False,3,2,24.0,False,False,False,False,True,2023-04-14 17:15:20.456055,24.14999961853028,85.5999984741211,0.7708,-1.3436486108064702,-1.3436486108064702,-1.9164972216129406
8540,8540,23.299999237060547,19.0,19.5,18.5,0.0,False,True,22.16724395751953,100.0,24.5,84.9000015258789,1963.0,23.89999961853028,86.80000305175781,1903.0,157.61761474609375,6363.93212890625,35.58198165893555,13.69407844543457,82.37834167480469,3.927607536315918,154.63198852539062,6052.9853515625,34.770999908447266,13.960041999816896,82.07109832763672,3.968904256820679,148.4319305419922,5782.16845703125,33.425811767578125,14.472212791442873,81.4760971069336,4.051670074462891,0.0,0.0,1.25,6.420000076293945,22.200000762939453,True,False,3,2,24.0,True,False,False,False,True,2023-04-14 17:16:21.413893,24.19999980926514,85.85000228881836,0.7708,-1.449451478197577,-1.449451478197577,-2.128102956395154
8541,8541,23.299999237060547,19.0,19.5,18.5,0.0,False,True,22.16724395751953,100.0,24.5,85.0999984741211,1970.0,24.0,87.0,1911.0,155.8459014892578,6363.93212890625,35.15165328979492,13.65260410308838,82.43193054199219,3.915487051010132,154.589599609375,6048.99169921875,34.777313232421875,13.913358688354492,82.12471008300781,3.961942672729492,148.81053161621094,5781.3583984375,33.51333999633789,14.43418788909912,81.50566101074219,4.06016206741333,0.0,0.0,1.2300000190734863,6.420000076293945,22.200000762939453,True,False,3,2,24.0,False,False,False,False,True,2023-04-14 17:17:23.049928,24.25,86.04999923706055,0.7708,-1.4851039892005922,-1.4851039892005922,-2.1994079784011844
8542,8542,23.299999237060547,19.0,19.5,18.5,0.0,False,True,22.16724395751953,100.0,24.600000381469727,85.30000305175781,1974.0,24.0,87.0999984741211,1918.0,157.85618591308594,6358.35302734375,35.66915512084961,13.703208923339844,82.36914825439453,3.9276702404022217,154.77151489257812,6050.408203125,34.780235290527344,13.962491989135742,82.0724105834961,3.9651267528533936,147.1188507080078,5781.97216796875,33.10362243652344,14.414368629455566,81.5419921875,4.043650627136231,0.0,0.0,1.2300000190734863,6.420000076293945,22.200000762939453,True,False,3,2,24.0,False,False,False,False,True,2023-04-14 17:18:24.017201,24.300000190734863,86.20000076293945,0.7708,-1.5207565002036094,-1.5207565002036094,-2.270713000407219
8543,8543,23.299999237060547,19.0,19.5,18.5,0.0,False,True,22.16724395751953,100.0,24.600000381469727,85.4000015258789,1976.0,24.0,87.19999694824219,1925.0,156.1182098388672,6358.35302734375,35.19202423095703,13.68126106262207,82.3869400024414,3.931819438934326,154.37648010253906,6047.2822265625,34.713253021240234,13.926554679870604,82.105712890625,3.967753648757935,148.76759338378906,5780.83349609375,33.524375915527344,14.421488761901855,81.53839874267578,4.0401787757873535,0.0,0.0,1.2699999809265137,6.420000076293945,22.200000762939453,True,False,3,2,24.0,False,False,False,False,True,2023-04-14 17:19:25.078604,24.300000190734863,86.29999923706055,0.7708,-1.5207565002036094,-1.5207565002036094,-2.270713000407219
8544,8544,23.299999237060547,19.0,19.5,18.5,0.0,False,True,22.16724395751953,100.0,24.600000381469727,85.5,1978.0,24.100000381469727,87.30000305175781,1930.0,157.85511779785156,6367.08154296875,35.66734313964844,13.68832015991211,82.38411712646484,3.927558898925781,151.41635131835938,6049.40673828125,33.72711563110352,13.927362442016602,82.10777282714844,3.964874267578125,146.9475555419922,5777.72314453125,33.014060974121094,14.388467788696287,81.56970977783203,4.041853427886963,0.0,0.0,1.25,6.420000076293945,22.200000762939453,True,False,3,2,24.0,False,False,False,False,True,2023-04-14 17:20:26.022031,24.350000381469727,86.4000015258789,0.7708,-1.556409011206627,-1.556409011206627,-2.342018022413254
8545,8545,23.299999237060547,19.0,19.5,18.5,0.0,False,True,22.265625,100.0,24.600000381469727,85.69999694824219,1978.0,24.100000381469727,87.30000305175781,1933.0,157.58900451660156,6367.08154296875,35.58037567138672,13.731478691101074,82.34617614746094,3.922343015670776,154.34532165527344,6050.8193359375,34.68724822998047,13.908524513244627,82.12248229980469,3.969067335128784,148.67242431640625,5781.7080078125,33.482791900634766,14.468294143676758,81.48490142822266,4.046792984008789,0.0,0.0,1.25,6.420000076293945,22.200000762939453,True,False,3,2,24.0,False,False,False,False,True,2023-04-14 17:21:27.023640,24.350000381469727,86.5,0.7708,-1.486258654818535,-1.486258654818535,-2.20171730963707
8546,8546,23.299999237060547,19.0,19.5,18.5,0.0,False,True,22.16724395751953,100.0,24.700000762939453,85.80000305175781,1978.0,24.100000381469727,87.4000015258789,1935.0,157.40367126464844,6370.10498046875,35.49565505981445,13.723942756652832,82.35154724121094,3.924527645111084,154.712158203125,6051.912109375,34.77218246459961,13.927495956420898,82.10669708251953,3.96579647064209,148.69053649902344,5782.20751953125,33.49678039550781,14.468952178955078,81.47073364257812,4.060317039489746,0.0,0.0,1.2599999904632568,6.420000076293945,22.200000762939453,True,False,3,2,24.0,False,False,False,False,True,2023-04-14 17:22:27.972016,24.40000057220459,86.60000228881836,0.7708,-1.5920615222096441,-1.5920615222096441,-2.4133230444192884
8547,8547,23.299999237060547,19.0,19.5,18.5,0.0,False,True,22.16724395751953,100.0,24.700000762939453,86.0,1978.0,24.200000762939453,87.4000015258789,1938.0,156.06495666503906,6370.10498046875,35.20785140991211,13.654885292053224,82.42001342773438,3.9251925945281982,154.81910705566406,6045.07421875,34.81521224975586,13.909907341003418,82.1253662109375,3.964759349822998,146.87364196777344,5784.62353515625,32.978641510009766,14.422812461853027,81.5360336303711,4.041188716888428,0.0,0.0,1.2899999618530271,6.420000076293945,22.299999237060547,True,False,3,2,24.0,False,False,False,False,True,2023-04-14 17:23:28.957805,24.450000762939453,86.70000076293945,0.7708,-1.627714033212662,-1.627714033212662,-2.484628066425324
8548,8548,23.299999237060547,19.0,19.5,18.5,0.0,False,True,22.265625,100.0,24.700000762939453,86.0,1977.0,24.200000762939453,87.4000015258789,1940.0,156.14242553710938,6361.533203125,35.23677062988281,13.721694946289062,82.34343719482422,3.9348742961883545,154.7875213623047,6049.97509765625,34.76625061035156,13.957724571228027,82.07451629638672,3.9677693843841553,148.70201110839844,5783.23193359375,33.49683380126953,14.471639633178713,81.47930145263672,4.049052238464356,0.0,0.0,1.2200000286102295,6.420000076293945,22.299999237060547,True,False,3,2,24.0,False,False,False,False,True,2023-04-14 17:24:29.914965,24.450000762939453,86.70000076293945,0.7708,-1.5575636768245698,-1.5575636768245698,-2.3443273536491396
8549,8549,23.299999237060547,19.0,19.5,18.5,0.0,False,True,22.265625,100.0,24.799999237060547,86.0,1976.0,24.299999237060547,87.4000015258789,1942.0,156.29551696777344,6361.533203125,35.2652587890625,13.715313911437988,82.35566711425781,3.929044246673584,154.61024475097656,6044.830078125,34.7580680847168,13.948695182800291,82.08175659179688,3.9695847034454346,148.580810546875,5782.197265625,33.44300842285156,14.461225509643556,81.48778533935547,4.05104923248291,0.0,0.0,1.25,6.420000076293945,22.299999237060547,True,False,3,2,24.0,False,False,False,False,True,2023-04-14 17:25:30.906818,24.549999237060547,86.70000076293945,0.7708,-1.6288673388004302,-1.6288673388004302,-2.4869346776008605
8550,8550,23.299999237060547,19.0,19.5,18.5,100.0,False,True,22.16724395751953,100.0,24.799999237060547,86.0,1973.0,24.299999237060547,87.4000015258789,1943.0,157.9610595703125,6359.8837890625,35.7025032043457,13.723119735717772,82.35230255126953,3.92464017868042,154.69874572753906,6046.59423828125,34.76097106933594,13.925374031066896,82.1114273071289,3.963190078735352,148.63772583007812,5781.763671875,33.46746063232422,14.463640213012695,81.49735260009766,4.039041042327881,0.0,0.0,1.25,6.420000076293945,22.299999237060547,True,False,1,7,24.0,False,False,False,False,True,2023-04-14 17:26:31.869968,24.549999237060547,86.70000076293945,0.7708,-1.699017695188522,-0.15445615410804747,-1.0826738492965695
8551,8551,23.299999237060547,19.0,19.5,18.5,100.0,False,True,22.16724395751953,100.0,24.799999237060547,85.4000015258789,1969.0,24.299999237060547,85.30000305175781,1944.0,156.10902404785156,6359.8837890625,35.19682693481445,13.689769744873049,82.38294982910156,3.9273200035095215,154.58419799804688,6047.56494140625,34.74217224121094,13.932048797607422,82.10478210449219,3.963226795196533,148.2276153564453,5780.5947265625,33.41300201416016,14.465539932250977,81.4800796508789,4.054359436035156,0.0,0.0,1.2300000190734863,6.420000076293945,22.299999237060547,True,False,1,7,24.0,False,False,False,False,True,2023-04-14 17:27:33.325562,24.549999237060547,85.35000228881836,0.7708,-1.699017695188522,-0.15445615410804747,-1.0826738492965695
8552,8552,23.299999237060547,19.0,19.5,18.5,0.0,False,True,22.16724395751953,100.0,24.700000762939453,84.4000015258789,1964.0,24.200000762939453,83.80000305175781,1943.0,157.55447387695312,6363.8876953125,35.57057189941406,13.679262161254885,82.3887710571289,3.931979179382324,154.57009887695312,6050.03955078125,34.71377182006836,13.975162506103516,82.06124877929688,3.963622331619263,147.27835083007812,5777.77880859375,33.0842399597168,14.41765022277832,81.53660583496094,4.045795917510986,0.0,0.0,1.25,6.420000076293945,22.299999237060547,True,False,1,1,24.0,False,False,False,False,True,2023-04-14 17:28:34.212645,24.450000762939453,84.10000228881836,0.7708,-1.627714033212662,-1.627714033212662,-2.484628066425324
8553,8553,23.299999237060547,19.0,19.5,18.5,0.0,False,True,22.068866729736328,100.0,24.700000762939453,83.0,1956.0,24.100000381469727,82.0999984741211,1941.0,157.48486328125,6363.8876953125,35.54954147338867,13.711420059204102,82.3618392944336,3.926732063293457,154.68359375,6046.53125,34.737422943115234,13.918475151062012,82.11515808105469,3.9664108753204346,147.0519256591797,5780.05224609375,33.02396774291992,14.428370475769045,81.52284240722656,4.048830509185791,0.0,0.0,1.25,6.420000076293945,22.299999237060547,True,False,1,1,24.0,False,False,False,False,True,2023-04-14 17:29:35.091346,24.40000057220459,82.54999923706055,0.7708,-1.6622091585373877,-1.6622091585373877,-2.5536183170747755
8554,8554,23.299999237060547,19.0,19.5,18.5,0.0,False,True,22.068866729736328,100.0,24.5,81.4000015258789,1945.0,23.89999961853028,80.19999694824219,1937.0,156.12559509277344,6359.71826171875,35.229331970214844,13.731828689575195,82.33753204345703,3.930673599243164,154.64865112304688,6049.1416015625,34.77831268310547,13.928699493408203,82.09806823730469,3.973273515701294,148.45135498046875,5781.84130859375,33.4327392578125,14.363639831542969,81.5930404663086,4.043323040008545,0.0,0.0,1.2400000095367432,6.420000076293945,22.299999237060547,True,False,3,2,24.0,False,False,False,False,True,2023-04-14 17:30:36.059552,24.19999980926514,80.79999923706055,0.7708,-1.5195991145253205,-1.5195991145253205,-2.268398229050641
8555,8555,23.299999237060547,19.0,19.5,18.5,0.0,False,True,21.97048568725586,100.0,24.5,81.0999984741211,1931.0,23.799999237060547,82.80000305175781,1927.0,157.906005859375,6359.71826171875,35.66757583618164,13.716559410095217,82.35564422607422,3.927795171737671,154.9681854248047,6048.9033203125,34.84345626831055,13.9548978805542,82.0779037475586,3.9672365188598633,147.30674743652344,5779.6005859375,33.17392349243164,14.438155174255373,81.51868438720703,4.043211936950684,0.0,0.0,1.2599999904632568,6.420000076293945,22.299999237060547,True,False,3,2,24.0,False,False,False,False,True,2023-04-14 17:31:36.979964,24.149999618530273,81.95000076293945,0.7708,-1.5540969599103927,-1.5540969599103927,-2.3373939198207854
8556,8556,23.299999237060547,19.0,19.5,18.5,0.0,False,True,21.97048568725586,100.0,24.5,81.80000305175781,1916.0,23.799999237060547,84.0,1914.0,158.36318969726562,6362.962890625,35.799442291259766,13.715984344482422,82.35602569580078,3.92798113822937,154.50094604492188,6050.05419921875,34.703582763671875,13.9580717086792,82.0740737915039,3.96792221069336,148.6514892578125,5778.82177734375,33.50769805908203,14.46147918701172,81.48928833007812,4.0492262840271,0.0,0.0,1.2400000095367432,6.420000076293945,22.299999237060547,True,False,3,2,24.0,False,False,False,False,True,2023-04-14 17:32:37.958189,24.149999618530273,82.9000015258789,0.7708,-1.5540969599103927,-1.5540969599103927,-2.3373939198207854
8557,8557,23.299999237060547,19.0,19.5,18.5,0.0,False,True,21.97048568725586,100.0,24.5,82.4000015258789,1899.0,23.799999237060547,84.5999984741211,1900.0,156.2555694580078,6362.962890625,35.28404998779297,13.670448303222656,82.4034652709961,3.926095962524414,154.27122497558594,6049.57421875,34.6496467590332,13.949477195739746,82.0871810913086,3.963375806808472,148.47244262695312,5775.521484375,33.44983673095703,14.466439247131348,81.47554016113281,4.058052062988281,0.0,0.0,1.2599999904632568,6.420000076293945,22.299999237060547,True,False,3,2,24.0,False,False,False,False,True,2023-04-14 17:33:38.875841,24.149999618530273,83.5,0.7708,-1.5540969599103927,-1.5540969599103927,-2.3373939198207854
8558,8558,23.299999237060547,19.0,19.5,18.5,0.0,False,True,21.97048568725586,100.0,24.5,82.80000305175781,1881.0,23.89999961853028,85.0999984741211,1885.0,156.05039978027344,6361.91552734375,35.15751647949219,13.72232723236084,82.34773254394531,3.9299798011779785,154.69741821289062,6048.18896484375,34.77975082397461,13.936037063598633,82.09040069580078,3.97356915473938,146.73248291015625,5781.2919921875,32.916194915771484,14.402965545654297,81.55596160888672,4.041094303131104,0.0,0.0,1.2799999713897705,6.420000076293945,22.299999237060547,True,False,3,2,24.0,False,False,False,False,True,2023-04-14 17:34:39.848862,24.19999980926514,83.95000076293945,0.7708,-1.5897494709134128,-1.5897494709134128,-2.4086989418268256
8559,8559,23.299999237060547,19.0,19.5,18.5,0.0,False,True,21.87210464477539,100.0,24.600000381469727,83.19999694824219,1860.0,24.0,85.4000015258789,1868.0,157.67584228515625,6361.91552734375,35.566375732421875,13.683547973632812,82.38550567626953,3.9309821128845215,154.62916564941406,6046.02783203125,34.716800689697266,13.933384895324709,82.108154296875,3.9584577083587646,148.2234649658203,5781.96435546875,33.34431457519531,14.468113899230955,81.4873046875,4.044603824615479,0.0,0.0,1.2400000095367432,6.420000076293945,22.299999237060547,True,False,3,2,24.0,False,False,False,False,True,2023-04-14 17:35:40.830934,24.300000190734863,84.29999923706055,0.7708,-1.7312048493075372,-1.7312048493075372,-2.6916096986150744
8560,8560,23.299999237060547,19.0,19.5,18.5,0.0,False,True,21.87210464477539,100.0,24.600000381469727,83.4000015258789,1843.0,24.0,85.5999984741211,1844.0,156.26239013671875,6368.55712890625,35.244346618652344,13.727669715881348,82.34241485595703,3.929938554763794,154.8026123046875,6047.38037109375,34.82807540893555,13.925042152404783,82.11314392089844,3.961808204650879,148.6785888671875,5781.50439453125,33.46611404418945,14.453140258789062,81.50328063964844,4.0435872077941895,0.0,0.0,1.2300000190734863,6.420000076293945,22.299999237060547,True,False,3,2,24.0,False,False,False,False,True,2023-04-14 17:36:41.863861,24.300000190734863,84.5,0.7708,-1.7312048493075372,-1.7312048493075372,-2.6916096986150744
8561,8561,23.299999237060547,19.0,19.5,18.5,0.0,False,True,21.82002639770508,100.0,24.700000762939453,83.69999694824219,1824.0,24.100000381469727,85.9000015258789,1826.0,156.08517456054688,6368.55712890625,35.19530487060547,13.65709114074707,82.4234848022461,3.919438362121582,154.4228973388672,6047.37109375,34.72655487060547,13.963139533996582,82.06755828857422,3.969258308410645,148.48507690429688,5784.2822265625,33.424312591552734,14.48477554321289,81.4599609375,4.055297374725342,0.0,0.0,1.2699999809265137,6.420000076293945,22.299999237060547,True,False,3,2,24.0,False,False,False,False,True,2023-04-14 17:37:43.299605,24.40000057220459,84.79999923706055,0.7708,-1.8396441351914379,-1.8396441351914379,-2.908488270382876
8562,8562,23.299999237060547,19.0,19.5,18.5,0.0,False,True,21.770835876464844,100.0,24.700000762939453,84.0999984741211,1806.0,24.100000381469727,86.0999984741211,1807.0,156.2445068359375,6359.7080078125,35.2342643737793,13.734259605407717,82.33454132080078,3.931215524673462,155.3013916015625,6046.70068359375,34.96257400512695,13.938252449035645,82.09526824951172,3.966510057449341,147.20346069335938,5777.81884765625,33.07126235961914,14.43606662750244,81.5165786743164,4.047303676605225,0.0,0.0,1.25,6.420000076293945,22.299999237060547,True,False,3,2,24.0,False,False,False,False,True,2023-04-14 17:38:44.444661,24.40000057220459,85.0999984741211,0.7708,-1.874719313385487,-1.874719313385487,-2.978638626770974
8563,8563,23.299999237060547,19.0,19.5,18.5,0.0,False,True,21.770835876464844,100.0,24.700000762939453,84.19999694824219,1786.0,24.100000381469727,86.30000305175781,1789.0,155.92025756835938,6359.7080078125,35.12359619140625,13.714728355407717,82.35254669189453,3.932786226272583,154.70523071289062,6049.11767578125,34.80695724487305,13.960052490234377,82.07276916503906,3.967191457748413,148.19110107421875,5783.43798828125,33.362098693847656,14.468670845031738,81.48279571533203,4.048593044281006,0.0,0.0,1.2599999904632568,6.420000076293945,22.299999237060547,True,False,3,2,24.0,False,False,False,False,True,2023-04-14 17:39:45.670245,24.40000057220459,85.25,0.7708,-1.874719313385487,-1.874719313385487,-2.978638626770974
8564,8564,23.299999237060547,19.0,19.5,18.5,0.0,False,True,21.770835876464844,100.0,24.799999237060547,84.5,1769.0,24.100000381469727,86.4000015258789,1770.0,155.9005889892578,6359.38427734375,35.15060043334961,13.674784660339355,82.40385437011719,3.921393871307373,154.58444213867188,6050.96240234375,34.79076385498047,13.943458557128906,82.08698272705078,3.9695851802825928,148.63954162597656,5783.1689453125,33.471187591552734,14.438098907470703,81.52384948730469,4.03810977935791,0.0,0.0,1.25,6.420000076293945,22.39999961853028,True,False,3,2,24.0,False,False,False,False,True,2023-04-14 17:40:46.821406,24.449999809265137,85.45000076293945,0.7708,-1.9103711443734168,-1.9103711443734168,-3.0499422887468337
8565,8565,23.299999237060547,19.0,19.5,18.5,0.0,False,True,21.67245483398437,100.0,24.799999237060547,84.69999694824219,1751.0,24.200000762939453,86.5999984741211,1753.0,158.13201904296875,6359.38427734375,35.724464416503906,13.653432846069336,82.4260482788086,3.920514106750488,154.18939208984375,6051.173828125,34.628807067871094,13.934324264526367,82.09689331054688,3.968772411346436,147.1759033203125,5777.40380859375,33.089988708496094,14.403963088989258,81.55199432373047,4.044079303741455,0.0,0.0,1.25,6.409999847412109,22.39999961853028,True,False,3,2,24.0,False,False,False,False,True,2023-04-14 17:41:48.108467,24.5,85.64999771118164,0.7708,-2.016174011764529,-2.016174011764529,-3.2615480235290577
8566,8566,23.299999237060547,19.0,19.5,18.5,0.0,False,True,21.67245483398437,100.0,24.799999237060547,84.9000015258789,1736.0,24.200000762939453,86.69999694824219,1741.0,156.095703125,6363.5478515625,35.19364547729492,13.701227188110352,82.36995697021484,3.92887282371521,154.7498779296875,6050.853515625,34.800933837890625,13.968341827392578,82.06260681152344,3.969072580337525,147.25479125976562,5781.611328125,33.09667205810547,14.40604305267334,81.55249786376953,4.041469097137451,0.0,0.0,1.2599999904632568,6.409999847412109,22.39999961853028,True,False,1,5,24.0,False,False,False,False,True,2023-04-14 17:42:49.293949,24.5,85.79999923706055,0.7708,-2.016174011764529,-2.016174011764529,-3.2615480235290577
8567,8567,23.299999237060547,19.0,19.5,18.5,0.0,False,True,21.67245483398437,100.0,24.799999237060547,84.19999694824219,1719.0,24.200000762939453,84.0,1724.0,156.0258026123047,6363.5478515625,35.18236541748047,13.717777252197266,82.35364532470703,3.928554534912109,154.7567138671875,6044.58935546875,34.85475540161133,13.93723201751709,82.09532928466797,3.967482805252075,147.0416717529297,5780.615234375,33.037445068359375,14.397594451904297,81.55831909179688,4.044069766998291,0.0,0.0,1.25,6.409999847412109,22.39999961853028,True,False,1,5,24.0,False,False,False,False,True,2023-04-14 17:43:50.454898,24.5,84.0999984741211,0.7708,-2.016174011764529,-2.016174011764529,-3.2615480235290577
8568,8568,23.299999237060547,19.0,19.5,18.5,0.0,False,True,21.67245483398437,100.0,24.700000762939453,82.80000305175781,1703.0,24.100000381469727,82.5,1708.0,156.42747497558594,6360.1201171875,35.33872985839844,13.70704174041748,82.36444091796875,3.928522825241089,154.31085205078125,6045.75244140625,34.63960266113281,13.958413124084473,82.08142852783203,3.9601857662200928,148.61270141601562,5781.67626953125,33.47224044799805,14.459890365600586,81.49110412597656,4.049027442932129,0.0,0.0,1.25,6.409999847412109,22.39999961853028,True,False,1,3,24.0,False,False,False,False,True,2023-04-14 17:44:51.778473,24.40000057220459,82.6500015258789,0.7708,-1.9448696697735814,-1.9448696697735814,-3.118939339547163
8569,8569,23.299999237060547,19.0,19.5,18.5,0.0,False,True,21.67245483398437,100.0,24.700000762939453,81.30000305175781,1683.0,24.0,80.9000015258789,1688.0,157.62899780273438,6360.1201171875,35.53840637207031,13.72409725189209,82.35492706298828,3.92094349861145,155.01971435546875,6050.9287109375,34.84101104736328,13.912294387817385,82.12483978271484,3.962889909744263,148.38975524902344,5783.94970703125,33.3911247253418,14.462693214416504,81.48401641845703,4.053309440612793,0.0,0.0,1.2300000190734863,6.409999847412109,22.39999961853028,True,False,1,3,24.0,False,False,False,False,False,2023-04-14 17:45:52.972070,24.350000381469727,81.10000228881836,0.7708,-1.9092171587705635,-1.9092171587705635,-3.047634317541127
8570,8570,23.299999237060547,19.0,19.5,18.5,0.0,False,True,21.67245483398437,100.0,24.5,79.9000015258789,1661.0,23.799999237060547,80.30000305175781,1671.0,157.92454528808594,6365.62158203125,35.64023208618164,13.7296724319458,82.34497833251953,3.925392389297485,154.36883544921875,6051.4990234375,34.63441467285156,13.92248821258545,82.11412811279297,3.9633986949920654,148.412353515625,5783.67724609375,33.39410781860352,14.479758262634276,81.46527862548828,4.054987907409668,0.0,0.0,1.2300000190734863,6.409999847412109,22.39999961853028,True,False,3,2,24.0,False,False,False,False,False,2023-04-14 17:46:54.123682,24.149999618530273,80.10000228881836,0.7708,-1.766607114758494,-1.766607114758494,-2.7624142295169882
8571,8571,23.299999237060547,19.0,19.5,18.5,0.0,False,True,21.62326431274414,100.0,24.39999961853028,80.4000015258789,1640.0,23.700000762939453,82.5999984741211,1651.0,156.118408203125,6365.62158203125,35.225791931152344,13.716455459594728,82.36019134521484,3.923351764678955,154.27993774414062,6049.62060546875,34.644290924072266,13.924960136413574,82.10865020751953,3.966384887695313,147.0566864013672,5782.14501953125,33.06428527832031,14.414712905883787,81.53709411621094,4.048187255859375,0.0,0.0,1.2699999809265137,6.409999847412109,22.39999961853028,True,False,3,2,24.0,False,False,False,False,False,2023-04-14 17:47:55.793816,24.050000190734867,81.5,0.7708,-1.7303779509615924,-1.7303779509615924,-2.689955901923185
8572,8572,23.299999237060547,19.0,19.5,18.5,0.0,False,True,21.67245483398437,100.0,24.5,81.19999694824219,1619.0,23.700000762939453,83.69999694824219,1629.0,156.5368194580078,6353.41845703125,35.31952667236328,13.7298583984375,82.35594940185547,3.914262056350708,154.95872497558594,6049.52392578125,34.75602722167969,13.930206298828123,82.09056854248047,3.9792423248291016,148.31224060058594,5779.06787109375,33.31769943237305,14.440230369567873,81.50882720947266,4.050957679748535,0.0,0.0,1.25,6.409999847412109,22.39999961853028,True,False,3,2,24.0,False,False,False,False,False,2023-04-14 17:48:56.965296,24.100000381469727,82.44999694824219,0.7708,-1.7309552837705637,-1.7309552837705637,-2.6911105675411275
8573,8573,23.299999237060547,19.0,19.5,18.5,0.0,False,True,21.574073791503903,100.0,24.5,81.69999694824219,1600.0,23.799999237060547,84.30000305175781,1610.0,156.24330139160156,6353.41845703125,35.23903274536133,13.709850311279297,82.35184478759766,3.938374519348145,155.05287170410156,6048.4375,34.901206970214844,13.95207691192627,82.08031463623047,3.9676244258880615,148.43101501464844,5775.53369140625,33.42694091796875,14.463471412658691,81.48831939697266,4.0482096672058105,0.0,0.0,1.2300000190734863,6.409999847412109,22.39999961853028,True,False,3,2,24.0,False,False,False,False,False,2023-04-14 17:49:58.136482,24.149999618530273,83.0,0.7708,-1.8367574711465864,-1.8367574711465864,-2.902714942293173
8574,8574,23.299999237060547,19.0,19.5,18.5,0.0,False,True,21.574073791503903,100.0,24.600000381469727,82.19999694824219,1584.0,23.799999237060547,84.69999694824219,1594.0,156.1210479736328,6363.49462890625,35.18780517578125,13.7164888381958,82.35508728027344,3.928445816040039,154.63177490234375,6050.12841796875,34.80930709838867,13.922687530517578,82.1196517944336,3.957635164260864,147.4556121826172,5779.46435546875,33.19255828857422,14.44497013092041,81.5105972290039,4.04440975189209,0.0,0.0,1.2400000095367432,6.409999847412109,22.39999961853028,True,False,3,2,24.0,False,False,False,False,False,2023-04-14 17:50:59.408882,24.199999809265137,83.44999694824219,0.7708,-1.8724099821496034,-1.8724099821496034,-2.974019964299207
8575,8575,23.299999237060547,19.0,19.5,18.5,0.0,False,True,21.475696563720703,100.0,24.600000381469727,82.5999984741211,1565.0,23.89999961853028,85.0999984741211,1575.0,157.71920776367188,6363.49462890625,35.59193420410156,13.732534408569336,82.3322982788086,3.935167789459229,154.69650268554688,6049.5029296875,34.80362319946289,13.919946670532228,82.11713409423828,3.962942123413086,148.8750762939453,5783.99951171875,33.53927993774414,14.473289489746094,81.48001098632812,4.046716690063477,0.0,0.0,1.25,6.409999847412109,22.39999961853028,True,False,3,2,24.0,False,False,False,False,False,2023-04-14 17:52:00.575311,24.250000000000004,83.8499984741211,0.7708,-1.9782101294803647,-1.9782101294803647,-3.1856202589607294
8576,8576,23.299999237060547,19.0,19.5,18.5,0.0,False,True,21.475696563720703,100.0,24.600000381469727,82.9000015258789,1549.0,23.89999961853028,85.30000305175781,1555.0,158.05027770996094,6360.04248046875,35.70186233520508,13.63387966156006,82.45549774169922,3.910652875900269,154.5041961669922,6048.212890625,34.74413299560547,13.936483383178713,82.09544372558594,3.968108654022217,147.12591552734375,5780.6181640625,33.073822021484375,14.4531888961792,81.50321960449219,4.043619632720947,0.0,0.0,1.2599999904632568,6.409999847412109,22.39999961853028,True,False,3,2,24.0,False,False,False,False,False,2023-04-14 17:53:01.873941,24.250000000000004,84.10000228881836,0.7708,-1.9782101294803647,-1.9782101294803647,-3.1856202589607294
8577,8577,23.299999237060547,19.0,19.5,18.5,0.0,False,True,21.475696563720703,100.0,24.700000762939453,83.30000305175781,1534.0,24.0,85.5,1538.0,157.65541076660156,6360.04248046875,35.5562858581543,13.702245712280272,82.38006591796875,3.917717456817627,151.82847595214844,6050.36376953125,33.83552551269531,13.943644523620604,82.08430480957031,3.9721083641052246,148.3607177734375,5782.09765625,33.35468673706055,14.466745376586914,81.48209381103516,4.051146507263184,0.0,0.0,1.2799999713897705,6.409999847412109,22.39999961853028,True,False,3,2,24.0,False,False,False,False,False,2023-04-14 17:54:03.033556,24.350000381469727,84.4000015258789,0.7708,-2.0495151514863967,-2.0495151514863967,-3.3282303029727935
8578,8578,23.299999237060547,19.0,19.5,18.5,0.0,False,True,21.475696563720703,100.0,24.700000762939453,83.5999984741211,1522.0,24.0,85.69999694824219,1525.0,155.87448120117188,6355.955078125,35.097293853759766,13.676728248596191,82.3823471069336,3.940956115722656,154.77647399902344,6047.52587890625,34.78095626831055,13.970364570617676,82.05838775634766,3.971232891082764,148.34996032714844,5788.94873046875,33.376243591308594,14.444530487060549,81.50175476074219,4.053734302520752,0.0,0.0,1.2799999713897705,6.409999847412109,22.39999961853028,True,False,3,2,24.0,False,False,False,False,False,2023-04-14 17:55:04.295891,24.350000381469727,84.64999771118164,0.7708,-2.0495151514863967,-2.0495151514863967,-3.3282303029727935
8579,8579,23.299999237060547,19.0,19.5,18.5,0.0,False,True,21.46701431274414,100.0,24.700000762939453,83.80000305175781,1508.0,24.100000381469727,86.0,1512.0,156.2808837890625,6355.955078125,35.24921798706055,13.69717502593994,82.37385559082031,3.929022312164306,151.3761444091797,6051.931640625,33.70598602294922,13.93886375427246,82.09212493896484,3.96903920173645,147.40969848632812,5781.64697265625,33.136322021484375,14.41545867919922,81.5394287109375,4.045158386230469,0.0,0.0,1.25,6.409999847412109,22.39999961853028,True,False,3,2,24.0,False,False,False,False,False,2023-04-14 17:56:05.621275,24.40000057220459,84.9000015258789,0.7708,-2.091358519842625,-2.091358519842625,-3.41191703968525
8580,8580,23.299999237060547,19.0,19.5,18.5,0.0,False,True,21.377315521240234,100.0,24.799999237060547,84.0999984741211,1493.0,24.100000381469727,86.19999694824219,1498.0,157.53103637695312,6363.54150390625,35.52781677246094,13.749740600585938,82.3257827758789,3.924498319625856,154.5341339111328,6050.255859375,34.713741302490234,13.937641143798828,82.09861755371094,3.963794469833374,148.65213012695312,5787.10693359375,33.423702239990234,14.454498291015623,81.50067138671875,4.044859409332275,0.0,0.0,1.2699999809265137,6.409999847412109,22.39999961853028,True,False,3,2,24.0,False,False,False,False,False,2023-04-14 17:57:06.800708,24.449999809265137,85.14999771118164,0.7708,-2.1909698498654366,-2.1909698498654366,-3.6111396997308733
8581,8581,23.299999237060547,19.0,19.5,18.5,0.0,False,True,21.377315521240234,100.0,24.799999237060547,84.30000305175781,1473.0,24.100000381469727,86.30000305175781,1483.0,156.12847900390625,6363.54150390625,35.21000289916992,13.712773323059082,82.361572265625,3.925693988800049,154.7617950439453,6046.45947265625,34.80180740356445,13.953438758850098,82.08313751220703,3.963413000106812,148.8060760498047,5779.63623046875,33.523433685302734,14.440389633178713,81.50415802001953,4.055447578430176,0.0,0.0,1.2400000095367432,6.409999847412109,22.39999961853028,True,False,3,2,24.0,False,False,False,False,False,2023-04-14 17:58:08.469980,24.449999809265137,85.30000305175781,0.7708,-2.1909698498654366,-2.1909698498654366,-3.6111396997308733
8582,8582,23.299999237060547,19.0,19.5,18.5,0.0,False,True,21.377315521240234,100.0,24.799999237060547,84.5999984741211,1456.0,24.200000762939453,86.4000015258789,1461.0,156.19384765625,6358.302734375,35.2342414855957,13.725017547607422,82.34813690185547,3.926832914352417,150.9793701171875,6050.12060546875,33.666622161865234,13.971922874450684,82.0560531616211,3.9720728397369385,148.77854919433594,5788.7763671875,33.52240753173828,14.40721607208252,81.54177856445312,4.0510101318359375,0.0,0.0,1.2599999904632568,6.409999847412109,22.5,True,False,3,2,24.0,False,False,False,False,False,2023-04-14 17:59:09.621390,24.5,85.5,0.7708,-2.226622360868454,-2.226622360868454,-3.6824447217369083
8583,8583,23.299999237060547,19.0,19.5,18.5,0.0,False,True,21.377315521240234,100.0,24.799999237060547,84.69999694824219,1439.0,24.200000762939453,86.5999984741211,1447.0,155.94281005859375,6358.302734375,35.12580490112305,13.685887336730955,82.385986328125,3.928156852722168,154.86732482910156,6050.314453125,34.843257904052734,13.91989803314209,82.10582733154297,3.9743261337280273,146.83494567871094,5785.3408203125,32.943931579589844,14.425721168518066,81.53768920898438,4.036612510681152,0.0,0.0,1.2599999904632568,6.409999847412109,22.5,True,False,3,2,24.0,False,False,False,False,False,2023-04-14 18:00:10.872010,24.5,85.64999771118164,0.7708,-2.226622360868454,-2.226622360868454,-3.6824447217369083
8584,8584,23.299999237060547,19.0,19.5,18.5,0.0,False,True,21.27893447875977,100.0,24.799999237060547,84.80000305175781,1422.0,24.200000762939453,86.5,1437.0,157.78753662109375,6360.98876953125,35.64213562011719,13.712969779968262,82.36119842529297,3.925823926925659,154.36622619628906,6049.26318359375,34.707359313964844,13.92183780670166,82.10832977294922,3.969832181930542,148.74778747558594,5777.3623046875,33.48783493041992,14.440892219543455,81.50997161865234,4.0492048263549805,0.0,0.0,1.25,6.409999847412109,22.5,True,False,1,5,24.0,False,False,False,False,False,2023-04-14 18:01:12.188465,24.5,85.6500015258789,0.7708,-2.2967727172565433,-2.2967727172565433,-3.8227454345130867
8585,8585,23.299999237060547,19.0,19.5,18.5,0.0,False,True,21.27893447875977,100.0,24.799999237060547,83.9000015258789,1406.0,24.200000762939453,83.69999694824219,1421.0,157.58628845214844,6360.98876953125,35.592464447021484,13.744077682495115,82.32261657714844,3.933328866958618,154.7757568359375,6048.80224609375,34.8204231262207,13.926204681396484,82.1099624633789,3.963842868804932,148.63697814941406,5779.7548828125,33.461631774902344,14.46170425415039,81.48851776123047,4.049818515777588,0.0,0.0,1.2400000095367432,6.409999847412109,22.5,True,False,1,5,24.0,False,False,False,False,False,2023-04-14 18:02:13.368852,24.5,83.79999923706055,0.7708,-2.2967727172565433,-2.2967727172565433,-3.8227454345130867
8586,8586,23.299999237060547,19.0,19.5,18.5,0.0,False,True,21.17766571044922,100.0,24.700000762939453,82.4000015258789,1387.0,24.0,82.0999984741211,1405.0,156.31658935546875,6364.42138671875,35.25762939453125,13.698404312133787,82.36797332763672,3.93364691734314,154.52508544921875,6050.15087890625,34.75313949584961,13.942111015319824,82.09545135498047,3.962448358535767,148.62307739257812,5777.86962890625,33.489044189453125,14.443222999572754,81.50662994384766,4.050128936767578,0.0,0.0,1.25,6.409999847412109,22.5,True,False,1,6,24.0,False,False,False,False,False,2023-04-14 18:03:14.586804,24.350000381469727,82.25,0.7708,-2.2620253063344955,-2.2620253063344955,-3.753250612668991
8587,8587,23.299999237060547,19.0,19.5,18.5,0.0,False,True,21.180553436279297,100.0,24.600000381469727,81.30000305175781,1371.0,23.89999961853028,80.5,1386.0,155.88833618164062,6364.42138671875,35.11100769042969,13.697798728942873,82.37693786621094,3.925302267074585,154.63375854492188,6053.5703125,34.79987716674805,13.925095558166504,82.11042785644531,3.964461088180542,148.28274536132812,5782.35986328125,33.37316131591797,14.441165924072266,81.50496673583984,4.053901672363281,0.0,0.0,1.2999999523162842,6.409999847412109,22.5,True,False,1,6,24.0,False,False,False,False,False,2023-04-14 18:04:15.850898,24.250000000000004,80.9000015258789,0.7708,-2.1886611986446405,-2.1886611986446405,-3.606522397289281
8588,8588,23.299999237060547,19.0,19.5,18.5,0.0,False,True,21.082176208496094,100.0,24.39999961853028,79.69999694824219,1357.0,23.700000762939453,80.9000015258789,1374.0,155.7316131591797,6356.72607421875,35.055564880371094,13.714210510253906,82.35627746582031,3.9294979572296143,154.88169860839844,6053.62646484375,34.84917449951172,13.951061248779297,82.07441711425781,3.974546194076538,147.25875854492188,5778.51806640625,33.12467575073242,14.387393951416016,81.57456970214844,4.038029193878174,0.0,0.0,1.2300000190734863,6.409999847412109,22.5,True,False,3,2,24.0,False,False,False,False,False,2023-04-14 18:05:17.054080,24.050000190734867,80.29999923706055,0.7708,-2.1161994709754017,-2.1161994709754017,-3.4615989419508035
8589,8589,23.299999237060547,19.0,19.5,18.5,0.0,False,True,20.98090362548828,100.0,24.39999961853028,80.5999984741211,1339.0,23.700000762939453,82.9000015258789,1354.0,156.4144744873047,6356.72607421875,35.322845458984375,13.66224479675293,82.42036437988281,3.917384147644043,154.90505981445312,6050.7724609375,34.87474822998047,13.922489166259766,82.10717010498047,3.970328092575073,147.28672790527344,5781.97802734375,33.16382598876953,14.469375610351562,81.47761535644531,4.053030967712402,0.0,0.0,1.2899999618530271,6.409999847412109,22.5,True,False,3,2,24.0,True,False,False,False,False,2023-04-14 18:06:18.365673,24.050000190734867,81.75,0.7708,-2.188411633107665,-2.188411633107665,-3.6060232662153298
8590,8590,23.299999237060547,19.0,19.5,18.5,0.0,False,True,20.905670166015625,100.0,24.39999961853028,81.4000015258789,1320.0,23.700000762939453,83.9000015258789,1332.0,157.89181518554688,6360.841796875,35.65915298461914,13.703557014465332,82.36322784423828,3.933217763900757,154.83050537109375,6050.28369140625,34.76515197753906,13.928888320922852,82.10704803466797,3.9640793800354,148.5740203857422,5778.6044921875,33.44120788574219,14.419867515563965,81.5317611694336,4.048355579376221,0.0,0.0,1.2400000095367432,6.409999847412109,22.5,True,False,3,2,24.0,False,False,False,False,False,2023-04-14 18:07:19.603158,24.050000190734867,82.6500015258789,0.7708,-2.242056663300994,-2.242056663300994,-3.713313326601988
8591,8591,23.299999237060547,19.0,19.5,18.5,0.0,False,True,20.98090362548828,100.0,24.5,82.0,1304.0,23.700000762939453,84.5,1317.0,157.69345092773438,6360.841796875,35.59746170043945,13.680218696594238,82.39524841308594,3.924555778503418,154.7948760986328,6050.44677734375,34.70170974731445,13.940792083740234,82.08853149414062,3.9707086086273193,148.6652374267578,5779.30419921875,33.492305755615234,14.453259468078612,81.4916000366211,4.055129051208496,0.0,0.0,1.2599999904632568,6.409999847412109,22.5,True,False,3,2,24.0,True,False,False,False,False,2023-04-14 18:08:21.326509,24.100000381469727,83.25,0.7708,-2.2240641441106797,-2.2240641441106797,-3.6773282882213594
8592,8592,23.299999237060547,19.0,19.5,18.5,0.0,False,True,20.98090362548828,100.0,24.5,82.4000015258789,1289.0,23.799999237060547,84.9000015258789,1299.0,158.23745727539062,6362.056640625,35.74321746826172,13.691869735717772,82.37562561035156,3.932533025741577,154.60287475585938,6053.7216796875,34.76482391357422,13.937582969665527,82.09829711914062,3.964132070541382,148.64700317382812,5781.35009765625,33.50711441040039,14.45366096496582,81.489990234375,4.056373596191406,0.0,0.0,1.25,6.409999847412109,22.5,True,False,3,2,24.0,False,False,False,False,False,2023-04-14 18:09:22.396233,24.149999618530273,83.6500015258789,0.7708,-2.25971597509861,-2.25971597509861,-3.7486319501972205
8593,8593,23.299999237060547,19.0,19.5,18.5,0.0,False,True,20.975116729736328,100.0,24.600000381469727,82.69999694824219,1277.0,23.799999237060547,85.19999694824219,1281.0,155.94998168945312,6362.080078125,35.14517974853516,13.627930641174316,82.4577865600586,3.914299726486206,154.44912719726562,6049.54833984375,34.708587646484375,13.927465438842772,82.10475158691406,3.967786073684693,148.73703002929688,5778.5400390625,33.466365814208984,14.39659595489502,81.56578063964844,4.037680149078369,0.0,0.0,1.2599999904632568,6.409999847412109,22.5,True,False,3,2,24.0,True,False,False,False,False,2023-04-14 18:10:23.490301,24.199999809265137,83.94999694824219,0.7708,-2.2994948176503183,-2.2994948176503183,-3.8281896353006366
8594,8594,23.299999237060547,19.0,19.5,18.5,0.0,False,True,20.88252639770508,100.0,24.600000381469727,83.0999984741211,1262.0,23.89999961853028,85.5,1266.0,157.9204864501953,6362.080078125,35.690128326416016,13.707196235656738,82.36298370361328,3.9298176765441895,154.58560180664062,6050.1708984375,34.712989807128906,13.965625762939451,82.06449127197266,3.969872713088989,148.5726776123047,5782.6123046875,33.42055892944336,14.446782112121582,81.5069351196289,4.046309471130371,0.0,0.0,1.25,6.409999847412109,22.5,True,False,3,2,24.0,False,False,False,False,False,2023-04-14 18:11:24.479872,24.250000000000004,84.29999923706055,0.7708,-2.401168633432388,-2.401168633432388,-4.031537266864776
8595,8595,23.299999237060547,19.0,19.5,18.5,0.0,False,True,20.88252639770508,100.0,24.600000381469727,83.4000015258789,1249.0,23.89999961853028,85.69999694824219,1249.0,156.0774688720703,6362.080078125,35.2186279296875,13.672933578491213,82.39793395996094,3.929155111312866,154.8761749267578,6046.02880859375,34.858036041259766,13.946046829223633,82.08715057373047,3.96683406829834,146.9061279296875,5780.13427734375,32.99039840698242,14.44536018371582,81.50466918945312,4.04999589920044,0.0,0.0,1.2799999713897705,6.409999847412109,22.5,True,False,3,2,24.0,True,False,False,False,False,2023-04-14 18:12:25.770221,24.250000000000004,84.54999923706055,0.7708,-2.401168633432388,-2.401168633432388,-4.031537266864776
8596,8596,23.299999237060547,19.0,19.5,18.5,0.0,False,True,20.78414535522461,100.0,24.600000381469727,83.5999984741211,1237.0,24.0,85.9000015258789,1237.0,156.41436767578125,6358.9423828125,35.32804870605469,13.696907997131348,82.37562561035156,3.927490234375,154.65684509277344,6050.8291015625,34.7739372253418,13.923813819885254,82.11103057861328,3.965145111083984,147.2742462158203,5783.38232421875,33.106712341308594,14.42655086517334,81.52915954589844,4.044363498687744,0.0,0.0,1.25,6.409999847412109,22.5,True,False,3,2,24.0,False,False,False,False,False,2023-04-14 18:13:27.086699,24.300000190734863,84.75,0.7708,-2.506971500823498,-2.506971500823498,-4.243143001646995
8597,8597,23.299999237060547,19.0,19.5,18.5,0.0,False,True,20.78414535522461,100.0,24.700000762939453,83.9000015258789,1225.0,24.0,86.0,1224.0,157.99319458007812,6361.78076171875,35.71186447143555,13.671354293823242,82.40052032470703,3.9281394481658936,154.6121826171875,6047.42822265625,34.73847198486328,13.950750350952148,82.0783920288086,3.9708642959594727,149.13934326171875,5776.5888671875,33.606082916259766,14.433297157287598,81.51903533935547,4.047708034515381,0.0,0.2000000029802322,1.2300000190734863,6.409999847412109,22.5,True,False,3,2,24.0,True,False,False,False,False,2023-04-14 18:14:28.305771,24.350000381469727,84.95000076293945,0.7708,-2.5426240118265153,-2.5426240118265153,-4.31444802365303
8598,8598,23.299999237060547,19.0,19.5,18.5,0.0,False,True,20.78414535522461,100.0,24.700000762939453,84.0999984741211,1210.0,24.0,86.30000305175781,1212.0,156.233642578125,6361.78076171875,35.22678756713867,13.732044219970703,82.33381652832031,3.9341695308685294,154.36585998535156,6045.48974609375,34.65012741088867,13.929524421691896,82.10347747802734,3.9670157432556152,148.648681640625,5785.50439453125,33.456138610839844,14.468122482299805,81.48626708984375,4.0456624031066895,0.0,0.0,1.2400000095367432,6.409999847412109,22.5,True,False,3,2,24.0,False,False,False,False,False,2023-04-14 18:15:29.512504,24.350000381469727,85.20000076293945,0.7708,-2.5426240118265153,-2.5426240118265153,-4.31444802365303
8599,8599,23.299999237060547,19.0,19.5,18.5,0.0,False,True,20.78414535522461,100.0,24.700000762939453,84.30000305175781,1197.0,24.100000381469727,86.4000015258789,1196.0,157.8837432861328,6357.54736328125,35.65778350830078,13.696954727172852,82.37061309814453,3.9324023723602295,154.2501983642578,6049.171875,34.6331787109375,13.952844619750977,82.07154083251953,3.975596189498901,147.56883239746094,5779.54296875,33.20185852050781,14.419270515441896,81.53241729736328,4.048301696777344,0.0,0.0,1.2699999809265137,6.409999847412109,22.5,True,False,3,2,24.0,False,False,False,False,False,2023-04-14 18:16:30.714968,24.40000057220459,85.35000228881836,0.7708,-2.578276522829533,-2.578276522829533,-4.385753045659065
8600,8600,23.299999237060547,19.0,19.5,18.5,0.0,False,True,20.68576431274414,100.0,24.700000762939453,84.5,1187.0,24.100000381469727,86.4000015258789,1185.0,158.3572998046875,6357.54736328125,35.78162384033203,13.658645629882812,82.42318725585938,3.925548076629639,154.5386199951172,6046.22314453125,34.74245834350586,13.953243255615234,82.07237243652344,3.97446084022522,148.97543334960938,5775.17919921875,33.61587142944336,14.47706127166748,81.46894073486328,4.0539960861206055,0.0,0.0,1.2899999618530271,6.409999847412109,22.600000381469727,True,False,3,2,24.0,False,False,False,False,False,2023-04-14 18:17:31.663850,24.40000057220459,85.45000076293945,0.7708,-2.648426879217625,-2.648426879217625,-4.52605375843525
8601,8601,23.299999237060547,19.0,19.5,18.5,0.0,False,True,20.68576431274414,100.0,24.700000762939453,84.69999694824219,1174.0,24.100000381469727,86.5999984741211,1176.0,155.76010131835938,6361.79296875,35.06977081298828,13.71053695678711,82.35718536376953,3.932292461395264,154.42025756835938,6048.7294921875,34.7299919128418,13.922996520996094,82.10968780517578,3.967373847961426,148.6842498779297,5783.884765625,33.50107955932617,14.456111907958984,81.49191284179688,4.052001476287842,0.0,0.0,1.25,6.409999847412109,22.600000381469727,True,False,3,2,24.0,False,False,False,False,False,2023-04-14 18:18:33.916619,24.40000057220459,85.64999771118164,0.7708,-2.648426879217625,-2.648426879217625,-4.52605375843525
8602,8602,23.299999237060547,19.0,19.5,18.5,0.0,False,True,20.68576431274414,100.0,24.700000762939453,84.9000015258789,1163.0,24.100000381469727,86.69999694824219,1165.0,155.72686767578125,6361.79296875,35.06065368652344,13.640118598937988,82.4416732788086,3.918211698532105,154.62811279296875,6049.2412109375,34.67296600341797,13.932816505432127,82.10098266601562,3.966210842132568,147.00714111328125,5785.14404296875,33.027130126953125,14.406890869140623,81.54871368408203,4.044400691986084,0.0,0.0,1.2400000095367432,6.409999847412109,22.600000381469727,True,False,3,2,24.0,False,False,False,False,False,2023-04-14 18:19:35.058046,24.40000057220459,85.79999923706055,0.7708,-2.648426879217625,-2.648426879217625,-4.52605375843525
8603,8603,23.299999237060547,19.0,19.5,18.5,0.0,False,True,20.67997360229492,100.0,24.799999237060547,85.0,1152.0,24.200000762939453,86.69999694824219,1155.0,157.76377868652344,6361.9130859375,35.618770599365234,13.700193405151367,82.3705825805664,3.929255247116089,154.74066162109375,6049.349609375,34.849517822265625,13.946335792541504,82.09234619140625,3.961327791213989,147.60313415527344,5781.21728515625,33.170433044433594,14.421183586120604,81.54654693603516,4.032312870025635,0.0,0.0,1.2400000095367432,6.409999847412109,22.600000381469727,True,False,1,3,24.0,False,False,False,False,False,2023-04-14 18:20:36.205345,24.5,85.8499984741211,0.7708,-2.723860272817614,-2.723860272817614,-4.6769205456352285
8604,8604,23.299999237060547,19.0,19.5,18.5,0.0,False,True,20.68576431274414,100.0,24.799999237060547,84.69999694824219,1141.0,24.200000762939453,85.0,1142.0,156.42483520507812,6361.9130859375,35.31880569458008,13.69867992401123,82.37457275390625,3.9267852306365967,154.5536651611328,6048.49365234375,34.69249725341797,13.971369743347168,82.06110382080078,3.967555522918701,148.8452911376953,5780.85302734375,33.57036209106445,14.482999801635742,81.45785522460938,4.059184074401856,0.0,0.0,1.2599999904632568,6.409999847412109,22.600000381469727,True,False,1,3,24.0,False,False,False,False,False,2023-04-14 18:21:37.340099,24.5,84.8499984741211,0.7708,-2.7197312212085727,-2.7197312212085727,-4.668662442417146
8605,8605,23.299999237060547,19.0,19.5,18.5,0.0,False,True,20.598960876464844,100.0,24.700000762939453,83.4000015258789,1128.0,24.100000381469727,82.69999694824219,1132.0,157.6494903564453,6363.8876953125,35.512001037597656,13.72404670715332,82.35130310058594,3.924656629562378,154.8791961669922,6050.55908203125,34.76861572265625,13.967927932739258,82.06519317626953,3.966918230056762,148.71548461914062,5783.1767578125,33.499141693115234,14.506147384643556,81.44202423095703,4.051843166351318,0.0,0.0,1.25,6.409999847412109,22.600000381469727,True,False,3,2,24.0,False,False,False,False,False,2023-04-14 18:22:38.501559,24.40000057220459,83.04999923706055,0.7708,-2.7103218524479864,-2.7103218524479864,-4.649843704895973
8606,8606,23.299999237060547,19.0,19.5,18.5,0.0,False,True,20.587383270263672,100.0,24.600000381469727,82.69999694824219,1114.0,24.0,84.30000305175781,1121.0,157.27659606933594,6363.8876953125,35.47095489501953,13.709735870361328,82.35883331298828,3.931461811065674,154.78392028808594,6049.50390625,34.78135681152344,13.967616081237791,82.05329132080078,3.979139804840088,148.7455291748047,5780.49658203125,33.512672424316406,14.456371307373049,81.4886245727539,4.055055141448975,0.0,0.0,1.2400000095367432,6.409999847412109,22.600000381469727,True,False,3,2,24.0,False,False,False,False,False,2023-04-14 18:23:39.797788,24.300000190734863,83.5,0.7708,-2.647272213599682,-2.647272213599682,-4.5237444271993645
8607,8607,23.299999237060547,19.0,19.5,18.5,0.0,False,True,20.68576431274414,100.0,24.600000381469727,83.30000305175781,1102.0,24.0,85.30000305175781,1109.0,158.3021697998047,6359.4423828125,35.73932647705078,13.68282413482666,82.40104675292969,3.9161360263824463,154.58035278320312,6051.4013671875,34.73936462402344,13.934457778930664,82.09715270996094,3.968424081802368,148.72984313964844,5781.931640625,33.54191589355469,14.439207077026367,81.50373077392578,4.057095050811768,0.0,0.0,1.2400000095367432,6.409999847412109,22.600000381469727,True,False,3,2,24.0,False,False,False,False,False,2023-04-14 18:24:40.984888,24.300000190734863,84.30000305175781,0.7708,-2.5771218572115897,-2.5771218572115897,-4.38344371442318
8608,8608,23.299999237060547,19.0,19.5,18.5,0.0,False,True,20.587383270263672,100.0,24.600000381469727,83.69999694824219,1088.0,24.0,85.80000305175781,1097.0,156.41156005859375,6359.4423828125,35.29231262207031,13.72739601135254,82.34205627441406,3.930566787719727,154.58123779296875,6050.302734375,34.78940200805664,13.966863632202148,82.0672378540039,3.965921401977539,148.77603149414062,5782.69970703125,33.51687240600586,14.462644577026367,81.48063659667969,4.056770324707031,0.0,0.0,1.2300000190734863,6.409999847412109,22.600000381469727,True,False,3,2,24.0,False,False,False,False,False,2023-04-14 18:25:42.100088,24.300000190734863,84.75,0.7708,-2.647272213599682,-2.647272213599682,-4.5237444271993645
8609,8609,23.299999237060547,19.0,19.5,18.5,0.0,False,True,20.52951431274414,100.0,24.700000762939453,84.0,1078.0,24.0,86.0999984741211,1084.0,157.85926818847656,6365.427734375,35.678497314453125,13.704660415649414,82.3574447631836,3.9379453659057617,154.50123596191406,6050.892578125,34.76932907104492,13.943788528442385,82.09290313720703,3.963320732116699,148.79464721679688,5785.14599609375,33.511409759521484,14.444337844848633,81.50741577148438,4.048250675201416,0.0,0.0,1.25,6.409999847412109,22.600000381469727,True,False,3,2,24.0,False,False,False,False,False,2023-04-14 18:26:43.348871,24.350000381469727,85.04999923706055,0.7708,-2.724188040089607,-2.724188040089607,-4.677576080179215
8610,8610,23.299999237060547,19.0,19.5,18.5,0.0,False,True,20.587383270263672,100.0,24.700000762939453,84.30000305175781,1068.0,24.100000381469727,86.30000305175781,1071.0,156.45181274414062,6365.427734375,35.35454177856445,13.723793983459473,82.33979034423828,3.9364538192749023,156.10235595703125,6046.416015625,35.144901275634766,13.937252044677734,82.09070587158203,3.97202467918396,147.2035369873047,5780.03076171875,33.0983772277832,14.42459774017334,81.53744506835938,4.037968635559082,0.0,0.0,1.2599999904632568,6.409999847412109,22.600000381469727,True,False,3,2,24.0,False,False,False,False,False,2023-04-14 18:27:44.539033,24.40000057220459,85.30000305175781,0.7708,-2.718577235605717,-2.718577235605717,-4.666354471211434
